Pricing Zone,Competition Group
United Kingdom (GB),"Football Grade A 
( Norwegian Playoffs,
 Colombian Cup,
 Trinidad and Tobago Matches,
 Ladies Olympic Qualifiers,
 Croatian 3. HNL,
 Irish Munster Senior League,
 English Central League,
 German Regionalliga Bavaria,
 Brazilian Alagoano Matches,
 Hong Kong League Cup,
 Indian FA Shield,
 Belgian First Division A,
 U17 Internationals,
 Spanish Segunda RFEF - Group 5,
 Argentinian Play-Offs,
 New Zealand Ladies,
 Brazilian Copa do Nordeste,
 Estonian Esiliiga B,
 Georgian Super Cup,
 Finnish Kakkonen,
 German Landesliga,
 Brazilian Paranaense Matches,
 Greek Ladies,
 Brazilian Sergipano Matches,
 Cypriot Super Cup,
 New Zealand South Central Series Men,
 Czech Super Cup,
 Belize Matches,
 Danish U18 Ladies,
 Brazilian Reserve,
 Afghan Matches,
 Friendlies International U20,
 Tunisian U19,
 Tunisian Ligue 2,
 Egyptian Premier League,
 Queensland Silver Boots,
 Austrian Cup,
 Ladies International,
 New Zealand South Central Series Women,
 zzCopa Dos Campeoes,
 Cameroonese Elite One,
 Costa Rican Playoffs,
 Faroe Ladies,
 Guatemalan Liga Nacional,
 AFC Ladies Asian Cup Qualifiers,
 Croatian Super Cup,
 Egyptian U16,
 Moroccan U19,
 Womens Olympics,
 Mozambique Matches,
 Ladies South East Asia Games,
 Swedish U21,
 AFC Asian Cup,
 Panamanian U20,
 AFC Asian Cup Qualifiers,
 Jamaican Premier League,
 Mexican U17,
 Paraguayan Division Profesional,
 CAF U20 African Championship,
 zzLOI A Championship Matches,
 Indonesian Liga 2,
 Indonesian Liga 1,
 Mens Olympics 2016,
 Peruvian Copa Inca,
 Uruguayan Torneo de Honor,
 Palestinian West Bank League,
 Paraguayan Primera Division,
 Bosnian Matches,
 Canadian Soccer League 2nd Division,
 Indian I-League 2nd Division,
 Canadian Championship Matches,
 German Regionalliga West,
 Irish Premier Division,
 Tunisian U21,
 Spanish Copa de Catalunya,
 Tunisian Ladies,
 Rwandan Cup Matches,
 South African Top 8 Cup,
 zz**FIFA Ladies Euro Champ'ship Qualif,
 CONMEBOL Copa Libertadores,
 Nigerian Premier League,
 zz**UEFA U21 Euro Qualifiers**,
 Egyptian Super Cup,
 Libyan Premier League,
 Russian Matches,
 Romanian League Cup,
 Nicaraguan Primera Division,
 Kenyan Premier League,
 Liechtenstein Cup,
 Tanzanian Premier League,
 Uzbekistan U23,
 zz**Mexican Apertura**,
 East Asian Cup Qualifiers,
 Puerto Rican Matches,
 East Asian Cup,
 FIFA Matches,
 Portuguese League Cup,
 Algarve Cup,
 UEFA Europa Conference League,
 Omani Professional League Cup,
 Canadian Cup,
 zz**African Confederations Cup **,
 Botswana Premier League,
 UEFA Europa Conference Qualifiers,
 Iraqi Premier League,
 Maltese Cup,
 FIFA World Cup Qualifiers,
 U18 Internationals,
 Ugandan Division 2,
 Irish Non League matches,
 zzSouthern Premier Matches,
 Mozambique Mocambola,
 Argentinian Torneo de Verano,
 English Isthmian Premier League,
 English U23 Pro Development League,
 Brazilian U20,
 zz**Hungary U19 League**,
 Greek U20,
 Icelandic U19,
 Philippines PFL,
 Scottish Junior West of Scotland Cup,
 South Korean Playoffs,
 Scottish Junior Central League Cup,
 Euro 2016 Qualifiers,
 Libyan Cup,
 German A-Junioren Bundesliga U19,
 Belgian Beloften Pro League Reserve,
 Malawi Super League,
 Northern Irish Ladies,
 English Isthmian League Cup,
 Irish Farquhar Cup,
 Icelandic Reykjavik Cup,
 Slovakian 2 Liga,
 Czech Winter League,
 DNOSpanish Copa Campeones de DdH Yout,
 Slovenian Ladies,
 Greek Football League 2,
 Swedish Division 4,
 zzMasters Matches,
 Swiss 4 Liga,
 Zambian PRC,
 Italian U18,
 Japanese Ladies,
 Australian NPL - Queensland U23,
 Czech 1 Liga - SRL,
 South Korean K League Classic - SRL,
 Spanish Catalunya Super Cup,
 New Zealand Matches,
 Swedish Ladies,
 Swiss 1 Liga Classic,
 Turkish U18,
 Ukrainian Ladies,
 Venezuelan Primera Division,
 Colombian Super Cup,
 Irish Kildare & District League,
 Georgian U19,
 zzWembley Cup,
 Template,
 Australian - Western Premier League,
 zz**South Australia Super League,
 Colombian U19,
 ConIFA European Football Cup,
 Ukrainian League Cup,
 Betting In Running,
 Mens 2016 Olympic Qualifiers,
 Saudi Super Cup,
 Peruvian Matches,
 Philippines Students,
 Polish Super Cup,
 Dutch Reserves,
 Dutch Beloften Reserve,
 Ugandan Super Cup,
 Spanish Copa de Castilla y Leon,
 Slovakian 3 Liga,
 Russian Professional Football League,
 Portuguese U17,
 Irish AUL League Premier B,
 Italian TIM Trophy,
 Romanian Liga III,
 Russian Football National League,
 North African Super Cup,
 Montenegrin U19,
 Panamanian Cup,
 South African Premier Division,
 Slovakian Ladies,
 Slovenian Super Cup,
 Spanish Segunda Division,
 Ladies International Algarve Cup,
 Swiss 3 Liga,
 Turkish 3 Lig,
 Swedish Division 3,
 Irish Tipperary S & DL,
 Romanian Ladies,
 Guatemalan Primera Division de Ascenso,
 Russian Ladies,
 Australian NPL - NSW U20,
 Audi Cup,
 Honduras Liga Nacional,
 Costa Rican Super Cup,
 Jamaican Ladies,
 Swedish U19,
 Qatari Emir Cup,
 Ladies International Cyprus Cup,
 Qatari Stars Cup,
 Slovakian U19,
 Danish U19,
 Polish Ladies,
 San Marino Cup,
 Italian Serie C Cup,
 Finnish Matches,
 Egyptian U17,
 Moroccan U20,
 Macedonian Cup,
 zz**Asia Trophy**,
 German Cup,
 zz*Ireland LSL Major Sunday,
 Peruvian Copa Peru,
 South African Varsity Challenge,
 Panamanian Liga Nacional de Ascenso,
 Mexican U20,
 Irish FAI Junior Cup Matches,
 Swedish Cup,
 zz*Irish LSL Major Sunday,
 zz*Irish LSL Senior 1 Sunday,
 Irish LSL Senior 1 Sunday,
 Irish LSL Major Sunday,
 Algerian Super Cup,
 zzFA Com. Shield(Charity Shield),
 Palestinian Cup,
 South African League Cup,
 Paraguayan U19,
 Paraguayan Reserves,
 Macau 3rd Division,
 Omani Playoffs,
 Macedonian U18,
 zz**Scottish Reserves**,
 English Football League Trophy,
 Paraguayan U17,
 Uruguayan U19,
 Uruguayan U17,
 Macedonian U20,
 Macedonian Ladies,
 Omani Professional League,
 Macedonian Super Cup,
 zz**US MLS Play Offs**,
 Belgian Reserves,
 Italian Luigi Berlusconi Trophy,
 Suruga Bank Championship,
 Uruguayan Segunda Division,
 Macau 1st Division,
 Football League Cup,
 English Football League Cup,
 New Zealand Reserves,
 Scottish Challenge Cup Matches,
 Hong Kong Senior Shield,
 US Ladies,
 Russian Amateur Football League,
 Finnish U19,
 Israeli Playoffs,
 Bhutan Premier League,
 Slovakian U18,
 Serbian First League,
 US - USL Premier Development League,
 World Student Games,
 Simulation Testing,
 Taiwanese University League Ladies,
 Ukrainian Druha Liga,
 Turkish 2 Lig,
 English FA Cup,
 Taiwanese University Football League,
 AVENIR Sports All Island Cup,
 Iranian Cup,
 Croatian Playoffs,
 Swiss 1 Liga Promotion,
 Spanish Segunda Division Playoffs,
 Hungarian U21,
 Swiss Ladies,
 Turkish Sport Toto Cup,
 ConIFA World Championship,
 Dutch Playoffs,
 Bhutan Matches,
 Swedish Division 2,
 Slovenian 2 SNL,
 Swiss U18,
 Irish Noel Ryan Cup,
 zz**CAF African Nations Cup**,
 Indian Ladies,
 Bulgarian U21,
 Irish President's Cup,
 Portuguese Ladies,
 UEFA Women's Euro 2022,
 English Ladies,
 Kosovan Matches,
 Irish FAI Women's Cup,
 Spanish Segunda Ladies,
 Spanish Cup Ladies,
 Friendlies International U22,
 Friendlies International U17,
 Czech Cup,
 Norwegian 4th Division,
 Jamaican Jackie Bell Cup,
 English Southern League Cup,
 Friendlies International U16,
 Polish II Liga,
 Serbian Ladies,
 Slovakian Super Cup,
 Irish Munster Senior Cup,
 Slovenian Cup,
 Spanish Copa Federacion,
 Swedish Super Cup,
 Swiss 2 Liga,
 Tajikistan Vyschaya Liga,
 Peruvian Primera Division,
 Spanish Segunda B Champions Playoffs,
 Qatari Q League,
 AFC U19 Championship,
 UEFA Ladies Euro Champ'ship Qualifiers,
 Qatari Sheikh Jassem Cup,
 Romanian Liga II,
 Russian FNL Cup,
 CONCACAF Gold Cup,
 Irish FAI Womens Cup,
 Lithuanian 1 Lyga,
 Lebanese Elite Cup,
 Latvian 1 Liga,
 Turkish Super Cup,
 Japanese Satellite League,
 Japanese Emperor Cup,
 Swedish Division 1,
 DNO Spanish Division de Honor Yout,
 Slovenian 3 SNL,
 Slovakian Cup,
 zzNorth African Cup Matches,
 Serbian Cup,
 Danish 2nd Division,
 zz**Belgium Promotion Playoff**,
 Australian A-League Women,
 Norwegian Super Cup,
 Maltese Matches,
 Moldovan Divizia A,
 Maltese Eurocup,
 Friendlies International U23,
 Lithuanian U18,
 Luxembourg Cup,
 Antiguan and Barbudan Matches,
 U21 CIS Cup,
 Latvian Winter Cup,
 Australian Cup,
 Australian Matches,
 Australian - Brisbane Canale Cup,
 Spanish Primera Nacional Ladies,
 Ugandan Premier League,
 Ecuadorian Reserves,
 German Oberliga,
 Brazilian Rondoniense Matches,
 Brazilian Paraibano Matches,
 zzInternational Trophy Matches,
 UEFA Euro 2020 Qualifiers,
 ,
 Macedonian Matches,
 Lithuanian II Liga,
 Irish Liddy Cup,
 **Irish Carlow League Matches**,
 Irish Carlow League Matches,
 Lebanese FA Cup,
 Latvian 2 Liga,
 Finnish U20,
 Moldovan Divizia Nationala,
 Romanian Reserves,
 Russian Regional Cup,
 San Marino Super Cup,
 Irish Munster Junior Cup,
 Norwegian 5th Division,
 Icelandic Urvalsdeild,
 Polish IV Liga,
 Qatari Crown Prince Cup,
 Luxembourg Ladies,
 Maltese FA Trophy,
 zz**Dutch Relagation Playoff**,
 Moldovan Ladies,
 French National 2,
 French National 3,
 zz**Mexican Interliga Matches**,
 Lithuanian Ladies,
 Turkish Matches,
 English Championship,
 FIFA Ladies World Cup Qualifiers,
 Scottish Junior West First Division,
 Belarusian Premier League,
 Irish Leinster Junior Cup,
 Uzbekistan Matches,
 Irish U19 Enda McGuill Cup,
 Irish Play-Offs,
 Kenyan U20,
 Bulgarian A League,
 Bosnian Premier League,
 Reserve Tournament,
 Belgian First Division B,
 World Student Ladies Games,
 Irish Tipperary Cup,
 Pakistan Premier League,
 zz**World Cup Group Matches**,
 English Premier League 2 - Div 2,
 English Premier League 2 - Div 1,
 US NCAA Matches,
 US National Premier Soccer League,
 New Zealand Mainland Premier League,
 zz**International Friendlies**,
 Cypriot 1st Division,
 Indian U21,
 U21 Internationals,
 Czech 1 Liga,
 Estonian Premier League,
 Copa EuroAmericana,
 Faroe Premier League,
 AFC U22 Championship,
 Ecuadorian Matches,
 Australian Queensland Premier League,
 U20 Tournament,
 Irish FAI Cup,
 zz**Argentinian Torneo Inicial**,
 French Ligue 2 Playoffs,
 French Ligue 1 Playoffs,
 AFC Cup Qualifiers,
 DNU***AFC Champions League Qualifiers,
 Kvarnerska Rivijera Reserve Tournament,
 Irish Wexford Cup Final,
 Greek U19,
 Irish Polikoff Cup,
 U22 Internationals,
 U17 African Championship,
 Scottish Junior Cup,
 Scottish Junior West Premier Division,
 Northern Irish Championship,
 Scottish Junior East Premier League,
 Scottish Highland League,
 Croatian 1 HNL,
 Scottish Junior North Super League,
 DNOItalian Campionato Yout,
 Finnish Cup,
 Indonesian Soccer Championship,
 Friendlies Ladies U20 Internationals,
 Welsh Cup,
 Friendly Matches,
 zzLDV Vans Trophy Matches,
 zz**CONMEBOL Copa America**,
 Scottish Junior East Super League,
 zz**East of Scotland Football League,
 zzCarling Nations Cup Matches,
 Brazilian Cearense Matches,
 Ladies U17 Euro Championship,
 English League 2,
 Cork Classic,
 Lebanese Matches,
 COSAFA U20 Cup,
 Panamanian Matches,
 Algerian U19,
 Russian Playoff,
 Thai University League,
 Argentinian Cup Qualifiers,
 Irish-Lummy O Reilly Cup,
 Scottish Amateurs,
 Dutch Eerste Divisie,
 zz**Mexican Torreo**,
 zz**Scottish Juniors**zz,
 Brazilian Super Cup,
 Mapinduzi Cup,
 Peruvian Super Cup,
 Slovenian U19,
 Fijian U19,
 Uruguayan Playoffs,
 CONMEBOL U23,
 Portuguese U23,
 AFF Championship,
 Welsh Ladies,
 World Cup Mythical Matches,
 Argentinian U20,
 Copa Del Sol,
 COSAFA Ladies U20 Cup,
 Austrian Matches,
 FIFA Confederations Cup,
 Malian Premiere Division,
 Zambian Super League,
 Gibraltar Playoffs,
 Ukrainian Amateur Championship,
 Venezuelan Cup,
 Slovenian Playoffs,
 CONMEBOL Copa Sudamericana,
 Faroe 2 Deild,
 Portuguese Matches,
 Northern Irish Matches,
 Belgian Matches,
 Austrian Bundesliga,
 CECAFA Cup Matches,
 Nicaraguan U20,
 Halftime Betting,
 Azerbaijan U19,
 Ukrainian Premier League,
 English Northern League Challenge Cup,
 Omani Matches,
 Serbian Super League,
 MLS is Back Tournament,
 Slovakian Super League,
 Slovenian Premier League,
 Belarussian Reserves,
 Euro 2012 Matches,
 Turkish Ladies,
 Friendlies International U18,
 Northern Irish Intermediate Cup,
 Turkish Super League,
 English League 1,
 Welsh Premiership,
 Spanish Copa Del Rey,
 AFC Cup,
 Irish Kevin Nugent Cup,
 French U19 Ladies,
 zz**Olympic Tournament Women**,
 zz**Olympic Tournament Men**,
 zz***Russian Cup,
 zzEBS Metropolitan Cup Final,
 Irish Galway & District League,
 German Regionalliga South,
 UAE FA Cup,
 German Regionalliga North,
 Gabonese Championnat D1,
 UEFA Mythical Final,
 U21 Tournament,
 Brazilian Campeonato Cearense A,
 Crimea Premier League,
 Hong Kong Cup,
 Maltese Premier League,
 Romanian Liga I,
 zz**Brazilian Campeonato**,
 Pakistan Matches,
 Irish Waterford Cup,
 Venezuelan Ladies,
 Lithuanian A Lyga,
 Hungarian NB I,
 Indonesian Super League,
 Israeli Premier League,
 New Zealand NRF Premier League,
 Latvian Virsliga,
 Hong Kong U20,
 Hong Kong 1st Division League,
 Norwegian Matches,
 Australian Reserves,
 U18 Tournament,
 U17 Tournament,
 Italian Serie A,
 Scottish Bells Cup,
 zz**Italian Lega Pro Seconda B**,
 Indian U18,
 zz**Italian Lega Pro Seconda A**,
 zz**Scottish Junior Matches,
 Amsterdam Tournament,
 Scottish Ladies,
 zzLeague USA Matches,
 UEFA Nations League B,
 UEFA Nations League C,
 UEFA U21 Euro Championship,
 zz**Italian Lega Pro Prima A**,
 Brazilian Mineiro Matches,
 Belgian Super Cup,
 English FA Vase,
 Brazilian Paulista Serie A1,
 Irish FAI Intermediate Cup Final,
 Irish Connacht Senior Cup,
 Chilean Primera B,
 UEFA Nations League D,
 Burundi Premier League,
 CAF Ladies Africa Nations Cup,
 Soccer Aid,
 zz**Italian Lega Pro Prima B**,
 French CFA2,
 Slovenian Matches,
 Uruguayan Primera Division,
 zzDubai Cup,
 zzPan-Pacific Championship,
 Irish AUL League Premier A,
 Leinster Senior League Saturday Major 1,
 Leinster Senior League Saturday Major,
 Brazilian Campeonato Carioca B,
 zz**Chilean 2nd Division**,
 Zimbabwe Premier League,
 Croatian Cup,
 zzDubai Football Challenge,
 Cameroonese Matches,
 zzIntercontinental Cup,
 Austrian Playoffs,
 Slovakian Matches,
 Sudanese Matches,
 U16 Internationals,
 UEFA Europa League Qualifiers,
 Irish Ulster Senior League Cup,
 Premier League Asia Trophy,
 Venezuelan Matches,
 Serbian Matches,
 Czech-Slovak Super Cup,
 zz**East Asian Championship**,
 Japanese J League 2,
 Irish Division 1,
 Australian - Brisbane Premier League,
 Belarusian Matches,
 UEFA Euro 2024,
 zzBaltic League Matches,
 UAFA (Arabian) Club Cup,
 Italian Reserve,
 Japanese J League,
 CAF Super Cup,
 Spanish Regional League,
 Croatian Matches,
 Croatian U19,
 Scottish Highland League Cup,
 zz**ZZZZZ**,
 Brazilian Serie C,
 Brazilian Campeonato Cearense B,
 AFC Championship Qualifiers U23,
 Indian Bangalore Super Division,
 Dutch Matches,
 English Ladies FA Community Shield,
 Laotian Premier League,
 Australian NSW Waratah Cup,
 Norwegian 1st Division,
 Danish Matches,
 Australian - Gold Coast Premier League,
 Northern Irish Charity Shield,
 Russian Cup,
 Indian Shillong Premier League,
 Indian Mumbai Elite League,
 Vietnamese U21,
 zz**Norwegian U19 Matches**,
 Irish Friendly Matches,
 FIFA Ladies U20 World Cup,
 zz**Swiss Division 1**,
 Saint Kitts and Nevis Premier League,
 CONMEBOL Ladies Copa Libertadores,
 Copa Centroamericana,
 zz**German Cup Early Rounds**,
 Italian Matches,
 Turkish Cup,
 Australian NPL - South Australia U18,
 Australian NPL - Western Australia U20,
 CONMEBOL Ladies Games,
 English U21 Premier League Division 1,
 zzNextGen Series,
 Ladies Reserve Matches,
 US National Women Soccer League,
 Dutch Super Cup,
 zz**Serie C Matches**,
 CONMEBOL U20 Championship,
 Brazilian Mato-Grossense Matches,
 Brazilian Ladies,
 Spanish Primera Division RFEF Group 1,
 Senegalese Ligue 1,
 zzInter Toto Cup Matches,
 Kuwaiti Emir Cup,
 Jamaican Matches,
 Australian NPL - Western Australia U18,
 Australian NPL - New South Wales U18,
 Ladies U17 World Cup,
 Portuguese Segunda Liga,
 zz**Coppa Italia Early Rounds**,
 zzSantosh Trophy,
 Burkina Faso Premiere Division,
 English FA Cup Qualifiers,
 zz**Portuguese Cup Early Rounds**,
 zz**Spanish Cup Early Rounds**,
 Indian Goa Professional League,
 Kyrgyzstan Top League,
 Indian Odisha Super League,
 Norwegian Eliteserien,
 Yemeni 1st Division,
 German 3 Liga,
 Irish Setanta Cup,
 Chilean U21,
 Arab Club Championship,
 Chilean U19,
 zz**Swiss Ligue Nationale**,
 Swedish Allsvenskan,
 North American Leagues Cup,
 Uruguayan Ladies,
 Slovenian Reserves,
 Welsh League Cup,
 Australian NPL - NSW,
 Irish AUL Nivea Cup,
 Indonesian Premier League,
 Myanmar U20,
 Malaysian U21,
 US NWSL Challenge Cup,
 Congolese Ligue 1,
 Salvadoran Matches,
 Finnish Veikkausliiga,
 Malaysian Ladies,
 Northern Irish League Cup,
 Kuwaiti Federation Cup,
 ***Scottish F.A. Cup,
 Cambodian C-League,
 Reserve Matches,
 zzTrofeo Ramon de Carranza,
 US Major League Soccer,
 County Antrim Shield,
 French Super Cup,
 Slovakian Regional League,
 zzGateshead Cup,
 zz**Swiss Primera Matches**dont use**,
 Ghanain Matches,
 Danish Ladies,
 Russian U17,
 Estonian U19,
 Chinese U18 Ladies,
 DNOItalian Super Cup Yout,
 Czech Regional,
 zzNothern masters Matches,
 UAE Super Cup,
 Norwegian Lower Divisions,
 Vietnamese National Cup,
 zz**Sweden Lower Divisions**,
 Malaysian Super Cup,
 Malaysian President Cup,
 Vietnamese Playoffs,
 Yemeni Super Cup,
 zz**Norwegian Adeccoligaen**,
 Brazilian Amapaense Matches,
 Brazilian Brasiliense Matches,
 Danish Series,
 Bells Trophy,
 Kuwaiti U20,
 zz**Norwegian Tippeligaen DO NOT USE**,
 Norwegian Cup,
 Botswana Matches,
 Brazilian Copa Rio,
 Brazilian Paulista Serie A2,
 Indonesian Sudirman Cup,
 Irish Meath & District League,
 Barbadian Matches,
 Liechtenstein Matches,
 CONCACAF Nations League B,
 Scottish Junior East of Scotland Cup,
 Fijian Matches,
 Nicaraguan Matches,
 Football Coupon,
 Mauritanian Matches,
 Togolese Matches,
 Senegalese Matches,
 Austrian Landesliga,
 CONMEBOL Ladies U19,
 Taiwanese Football League Two,
 zz**Spanish Liga BBVA**,
 Portuguese Primeira Liga - SRL,
 CONCACAF Nations League C,
 Brazilian U19,
 U17 Ladies Euro Championship,
 Asian Games Men,
 Vanuatu Matches,
 Italian Serie B,
 Brazilian U23,
 CONCACAF U20 Cup,
 Brazilian Maranhense Matches,
 Chilean Cup,
 zz**Danish Super Cup**,
 CONCACAF Champions League,
 zzPeace Cup Matches,
 Swiss Super League,
 Spanish Primera Division RFEF Group 2,
 zzCarling Cup Matches,
 Nigerian Matches,
 Mauritius Matches,
 Irish Leinster Senior League,
 Kyrgyzstan Matches,
 Venezuelan Segunda Division,
 Maldives Matches,
 Malaysian Playoffs,
 Brazilian Catarinense Matches,
 Brazilian Copa FGF,
 Gabonese Matches,
 Estonian Matches,
 Brazilian Potiguar Matches,
 Turkmenistan First League,
 zzThe Keane Cup,
 Irish Peter McIntyre Cup,
 Ugandan Matches,
 Aruban Matches,
 Ethiopian Premier League,
 Icelandic Fotbolti.net Cup,
 Australian - Gold Coast Reserves,
 Hong Kong Sapling Cup,
 Omani Elite League,
 Polish Regional Cup,
 Cambodian Matches,
 Namibian Premier League,
 Yemeni 2nd Division,
 *Ghanain Matches,
 zz**FAI Carlsberg Cup Matches,
 Israeli Matches,
 zz**Icelandic Fotboltinet Cup**,
 Icelandic Faxafloi Cup Ladies,
 Djibouti Division 1,
 Tunisian Matches,
 South Korean Matches,
 Icelandic Reykjavik Cup Ladies,
 Welsh Matches,
 Indian Matches,
 Brazilian Sao Paulo U20 Cup,
 Bahraini Matches,
 Polish Ekstraklasa,
 Dublin Super Cup,
 Armenian Premier League,
 Sudanese Cup,
 Colombian Primera B,
 Ukrainian Matches,
 Icelandic Northern Cup,
 Romanian Matches,
 zz**Scottish Junior Cup Matches,
 Irish CCFL,
 Swaziland Premier League,
 Maldives Dhivehi League,
 Lithuanian Matches,
 Swiss U21,
 Ukrainian Super Cup,
 Moroccan Matches,
 DNO Spanish Copa Del Rey Yout,
 Indian Goa U20 Matches,
 Brazilian Campeonato Carioca A,
 Australian NPL - ACT U23,
 zz**Spanish Liga Adelante matches**,
 Latvian Matches,
 Chilean Playoff,
 Gulf Club Champions League,
 Gambian GFA League 1st Division,
 Portuguese Super Cup,
 zz*****DO NOT USEEnglish gue,
 Croatian 2 HNL,
 Women's Olympics 2020,
 English U21 - Premier League Cup,
 CAF African Nations Championship,
 Kuwaiti League Cup Matches,
 Chinese U19,
 Czech 2 Liga,
 Cypriot Ladies,
 Swiss Matches,
 Canadian Soccer League,
 Brunei Premier League,
 Indian Chennai Matches,
 Brazilian Carioca Matches,
 Brazilian Gaucho Matches,
 Bosnian 1st League,
 Bulgarian U19,
 Belgian Ladies,
 Bolivian Liga Nacional B,
 German Telekom Cup,
 Belgian Pro League,
 U17 Club World Championship,
 Estonian Esiliiga,
 Asian Cup Qualifiers,
 Chinese U18,
 North American Soccer League,
 CAF African Nations Cup Qualifiers,
 Capital One Cup,
 zz**Olympic Games**,
 Chilean Ladies,
 Chinese Ladies,
 Greek Amateur Cup,
 Malaysian M3 League,
 Vietnamese V-League 2,
 Betting in Running,
 Brazilian Goiano Matches,
 Georgian Cup,
 German U19,
 Yemeni Unity Cup,
 Brazilian Baiano Matches,
 UAE Reserves,
 Bosnian Cup,
 UAE U19,
 Belarusian 2nd Division,
 Dutch Beloften Cup Reserve,
 Bolivian Liga de Futbol Profesional,
 Vietnamese V-League,
 Irish Connacht Junior Cup Matches,
 Ladies 2016 Olympic Qualifiers,
 zzASEAN (Southeast Asian) Championship,
 Syrian Cup,
 Bulgarian B League,
 Bulgarian U20,
 Chilean Super Cup,
 CONCACAF U17,
 Irish Oscar Traynor Trophy,
 Australian NPL - Queensland,
 Australian NPL - Western Australia,
 Chinese League 1,
 CAF African Nations Champ' Qualifiers,
 Thai Cup,
 South Korean U18,
 Jordanian Ladies,
 Angolan Matches,
 Brazilian Sul-Mato-Grossense Matches,
 AFC Ladies Asian Cup,
 Guyanese Matches,
 Brazilian Amazonense Matches,
 Brazilian Tocantinense Matches,
 Brazilian Copa Paulista,
 Brazilian Copa Governador do Bahia,
 Greek Super League - SRL,
 Malaysian U23,
 Malaysian Cup,
 Brazilian Roraimense Matches,
 Dutch Eredivisie - SRL,
 Spanish Segunda RFEF - Group 1,
 Spanish Segunda RFEF - Group 2,
 Austrian Bundesliga - SRL,
 Ladies U17 Internationals,
 Belarusian Amateur League,
 Spanish Segunda RFEF - Group 4,
 Spanish Segunda RFEF - Group 3,
 Russian Premier League - SRL,
 Vietnamese Super Cup,
 Nicaraguan Playoffs,
 Polish Ekstraklasa - SRL,
 UAE Division 1,
 South Korean U League,
 Yemeni Premier League,
 Thai League 1,
 Bulgarian Ladies,
 Bulgarian V League,
 Baltic Cup,
 Syrian U19,
 Cypriot 2nd Division,
 Croatian Reserves,
 Estonian Ladies,
 Czech 3 Liga,
 German Ladies,
 Georgian Ladies,
 Hungarian League Cup,
 Dutch U19,
 Emirates Cup,
 German Women's Bundesliga 2,
 zzFAW Premier Cup Matches,
 English Premier League,
 Indian U19,
 German Women's Bundesliga,
 Israeli Liga Bet,
 Irish Ulster Senior League,
 OFC Champions League,
 Italian Cup Dilettanti,
 Trofeo Angelo Dossena Reserve,
 Algerian Matches,
 Bangladesh Matches,
 Namibian Matches,
 Kenyan Matches,
 Malian Matches,
 Macedonian Reserves,
 Irish KDFL Lumsden Cup,
 Brazilian Campeonato Ladies,
 Brazilian Campeonato A2 Ladies,
 Brazilian Campeonato A3 Ladies,
 Brazilian Supercup Ladies,
 Euro 2016 Matches,
 Ethiopian Matches,
 zzSetanta Shield Matches,
 Challenge Cup Final,
 Australian - Tasmanian Matches,
 Belgian Cup,
 Tournoi de France Women,
 International Champions Cup,
 zzLadies UEFA Cup Matches,
 Elite Friendlies,
 South Korean K League 2,
 FIFA U20 World Cup,
 Syrian 2nd Division,
 Singapore League Cup,
 Kazakhstan U17 Presidents Cup,
 South Korean Reserves,
 Finnish 3rd Division,
 French U19,
 Faroe Cup,
 English FA Ladies Super League 2,
 French Cup,
 AFC Champions League,
 SheBelievesCup,
 Australian National Reserve League,
 South African Playoff,
 Kazakhstan Matches,
 Irish Women's Premier Division,
 zz**UEFA Nations League**,
 CAF Champions League Qualifiers,
 Australian U18 Matches,
 Australian U21,
 CONCACAF Gold Cup Qualifiers,
 Yemeni Matches,
 Irish Tuohy Cup,
 Brazilian Paraense Matches,
 Malaysian FA Cup,
 Malaysian Super League,
 Yemeni President Cup,
 Bulgarian U18,
 zz**FA Women's Super League,
 zz**Spanish Segunda Division B**,
 Brazilian Piauiense Matches,
 Bahraini Premier League,
 San Marino Campionato,
 Belarusian 1st Division,
 Belgian 3rd Division,
 Chilean Tercera B,
 Chinese League 2,
 Argentinian Primera B Nacional,
 Azerbaijan Reserves,
 Danish Reserves,
 Thai Playoffs,
 Greek Playoffs,
 Estonian Small Cup,
 Thai League 3,
 zz**World Cup 2014**,
 Danish Regional Cup,
 Czech U21,
 Chinese U20,
 UAE League Cup,
 UAE U17,
 Croatian 4 HNL,
 Chilean Tercera Division,
 Vietnamese 2nd Division,
 Chinese U17,
 Vietnamese U19,
 Ukrainian Cup,
 zz**French League Cup Final**,
 Mexican Ladies,
 To Score & Assist a Goal,
 Hong Kong Matches,
 Italian Cup,
 Scottish CIS Cup,
 Irish Leinster Senior Cup,
 Greek Regional Cup,
 Colombian Primera A,
 Greek Football League 2 Cup,
 French Ligue 1,
 CFU Club Championship,
 zzSuperliga,
 Russian Reserves,
 Azerbaijan Matches,
 Polish Matches,
 zzSA World Cup Qualifiers**,
 German Bundesliga 2,
 Mexican Ascenso MX,
 AFF Ladies Championship,
 Scottish Premiership,
 CONCACAF Nations League Final Stages,
 CONMEBOL U20,
 Irish KDFL CR Wynnes Senior Division,
 Japanese J League 3,
 Scottish Divi 2 Playoff,
 Scottish Divi 1 Playoff,
 Australian NPL - Victoria,
 Australian NPL - Victoria U20,
 Swiss Challenge League,
 UEFA Youth League,
 Kazakhstan Playoffs,
 Islamic Solidarity Games,
 Qatari U23 League,
 Paraguayan Cup,
 Qatari Matches,
 UEFA U21 Euro Qualifiers,
 Singapore S-League,
 Canadian Championship,
 Friendlies International,
 Chilean Matches,
 Latvian Playoffs,
 Omani Federation Cup,
 Canadian Premier League,
 CONCACAF Champions League Qualifiers,
 Estonian Playoffs,
 zzPaddy Power Steel & Sons Cup*****,
 Steel & Sons Cup,
 Slovakian International Reserve Cup,
 Swiss Relegation Playoff,
 AFC Champions League Qualifiers,
 Caribbean Cup Matches,
 Benin Matches,
 Swiss Cup,
 zz**Brazilian Cup Final**,
 FIFA Ultimate QuaranTeam,
 Egyptian League Cup,
 Mediteranean Games,
 English Community Shield,
 Swedish Superettan,
 Norther Irish League Cup,
 English U21 Premier League Cup,
 Dutch Eredivisie,
 CONCACAF Nations League Qualifiers,
 OFC Ladies U20 Championship,
 CONCACAF Ladies Championship,
 CAF Ladies African Nations Qualifiers,
 Portuguese Cup,
 Australian NPL - NSW 2,
 zz**Irish Division 1 League Matches,
 Saudi U21 Price Cup,
 Guatemalan Matches,
 Australian Lower Divisions,
 Australian Cup Qualifiers,
 Saudi U21 Prince Cup,
 Cameroonese Ladies,
 Malaysian U19,
 Bolivian Matches,
 Costa Rican Matches,
 Swedish Matches,
 Reserves Matches,
 U17 World Cup,
 Portuguese Primeira Liga,
 Scottish Challenge Cup,
 AFC U23 Championship,
 Schoolboy Internationals,
 International Schoolboys,
 FIFA Ladies World Cup,
 Charity Matches,
 Uhrencup Matches,
 Northern Irish Premiership,
 CONMEBOL Recopa Sudamericana,
 Hungarian Matches,
 zz**OCF Oceania Champions League**,
 CONCACAF League,
 Ghanain Premier League,
 Aruban Division di Honor,
 Chinese Taipei Matches,
 Tunisian U18,
 Scottish C I S Insurance Cup,
 English Northern Division 1,
 Mexican Supercopa MX,
 BeNe League Ladies,
 Italian Cup U20,
 Ecuadorian U19,
 CONMEBOL UEFA Cup of Champions,
 zz*CONMEBOL Copa Sudamericana,
 Moldovan Matches,
 Bells Challenge Cup Matches,
 Paraguayan Segunda Divsion,
 Panamanian U19,
 La Liga Serie A Cup,
 WAFU Nations Cup,
 Arena Cup,
 CAF U20 African Champ'ship Qualifiers,
 Coca-Cola C'ship Playoffs,
 Scottish Playoffs,
 CocaCola League 2 Playoffs,
 CocaCola League 1 Playoffs,
 Serbian U19,
 Test Football 18,
 Paraguayan Matches,
 Spare,
 Japanese Football League,
 Cypriot Matches,
 zz**Torneo de Apertura**,
 Finnish Ykkonen,
 zzGold Cup Matches,
 zzAlpen Cup Matches,
 Luxembourg Division Nationale,
 Japanese Matches,
 Panamanian Reserves,
 CAF Champions League,
 Israeli Liga Alef,
 Brunei Super League,
 Australian - Football West Division 1,
 Tunisian Ligue 3,
 Brazilian Serie B,
 zz**Colombian Clausura**,
 zz**Chile Clausura**,
 Ecuadorian Serie A,
 Guatemalan Playoffs,
 Jamaican Super League,
 zz**Italian Relegation Playoff**,
 Spanish Super Cup,
 Indian I-League,
 Malaysian Matches,
 Albanian Matches,
 Gulf Cup Matches,
 Friendlies International U21,
 U19 CEE Cup,
 Irish Womens Senior Cup,
 U23 Gulf Cup,
 Icelandic U19 Ladies,
 Hungarian NB II,
 Dutch Ladies,
 zz**Finland Lower Divisions**,
 Polish Regional League,
 Thai League 4,
 Tunisian U17,
 Tunisian Cup,
 Albanian Superliga,
 Kazakhstan Premier League,
 Moroccan Botola 2,
 Costa Rican Primera Division,
 Egyptian Cup,
 Egyptian U20,
 Kuwaiti Division 1,
 Philippines UFL Cup,
 ***Philippines PFL***,
 AFC Challenge Cup,
 French CFA,
 Macedonian 1st League,
 U20 Copa Libertadores,
 Montenegrin 1st League,
 Mexican Trofeo de Campeon de Campeones,
 US Open Cup,
 Colombian U18,
 French Matches,
 Greek Football League,
 Egyptian 2nd Division,
 Italian Dante Berretti League,
 Tunisian U20,
 Spanish Segunda B Promotion Playoffs,
 German League Cup,
 Faroe Super Cup,
 English Isthmian Division 1,
 Australian - SA State League,
 Icelandic Matches,
 UEFA Regions Cup,
 UEFA U19 Euro Championship,
 Estonian II Liga,
 Polish I Liga,
 Moldovan Cup,
 Maltese Ladies,
 German U17,
 Georgian Erovnuli Liga 2,
 Finnish League Cup,
 Irish Collingwood Cup,
 Iranian 3rd Division,
 Kazakhstan Cup,
 Jordanian U18,
 Argentinian Matches,
 Latvian U19,
 Japanese Reserves,
 English Central League Cup,
 Jordanian 1st Division,
 zz**Austrian Regional East**,
 FIFA World Cup Qualifiers - Asia,
 Kuwaiti Playoffs,
 Irish EA Sports Cup,
 FIFA World Cup Qualifiers - Oceania,
 FIFA World Cup Qualifiers - Americas,
 FIFA World Cup Qualifiers - Europe,
 FIFA World Cup Qualifiers - Africa,
 Saudi 1st Division,
 AFC Presidents Cup,
 South Korean Cup,
 zz**Faroe Islands Cup**,
 Brazilian Sul-Minas Rio Matches,
 Romanian Cup,
 Singapore Cup,
 Paraguayan U20,
 North Korean Matches,
 Italian Serie D,
 Latvian Ladies,
 Japanese U23,
 Malawi Matches,
 Cayman Matches,
 Lithuanian Super Cup,
 Lebanese U19,
 Icelandic 3 Deild,
 zzInternational Champions Cup,
 Icelandic League Cup B,
 Swaziland Matches,
 Israeli Toto Cup Leumit,
 Tajikistan Matches,
 New Caledonian Matches,
 Palestinian Matches,
 Friendlies Ladies U23 Internationals,
 Turkish U21,
 Philippines UFL FA League Cup,
 English U23 Premier League Cup,
 UAE U21,
 English U23 Premier league,
 Dutch Beloften Eerste Divisie (Youth),
 Hungarian NB III,
 English U21 Pro Development League,
 Serbian League,
 Greek Super Cup,
 Argentinian Superliga Cup,
 Irish LSL Senior 1A Sunday,
 Milk Cup,
 Irish LSL Senior 1B Sunday,
 Philippines UFL FA Cup,
 Japanese U18,
 Italian U21,
 Italian Serie D Cup,
 Israeli Toto Cup,
 Australian NPL - Tasmania,
 Australian - Brisbane Capital League,
 Zimbabwe Matches,
 Australian NPL - Finals***,
 Ladies U20 World Cup Qualifiers,
 Audi Quattro Cup,
 Spanish Tercera Division RFEF,
 Australian Ladies,
 Spanish Segunda B Relegation Playoffs,
 Icelandic League Cup A,
 CONMEBOL Copa America,
 Australian NPL - SA Reserves,
 Icelandic 4 Deild,
 Australian - Brisbane Capital Reserves,
 Hungarian Ladies,
 International Champions Cup Ladies,
 Australian - SA State League Reserves,
 Dutch Topklasse,
 Norwegian 2nd Division,
 Dutch Eerste Klasse,
 Moldovan U18,
 Montenegrin Cup,
 Luxembourg 1st Division,
 Maltese 2nd Division,
 Bahamanian Matches,
 Brazilian Paulista Serie A3,
 English U21 Premier League Division 2,
 Brazilian U17,
 Salvadoran Primera Division,
 Irish Champions Cup,
 Finnish Ladies,
 Estonian Cup,
 Danish U21,
 Czech 4 Liga,
 Arnold Clark Cup,
 Ecuadorian Serie B,
 zz**Botswana Premier League**,
 English County Cup Matches,
 Cypriot Cup,
 Croatian Ladies,
 Norwegian U19,
 Norwegian 3rd Division,
 Mongolian Matches DNU,
 Polish III Liga,
 OFC Presidents Cup,
 English Northern Premier League Cup,
 Australian NPL - Final Series,
 Montenegrin Ladies,
 Maltese 1st Division,
 CAF African Nations Cup,
 Moldovan Super Cup,
 Bulgarian Matches,
 Lebanese Super Cup,
 Australian - Brisbane Premier Reserves,
 Lithuanian Cup,
 Luxembourg Promotion d'Honneur,
 Australian NPL - ACT,
 English FA Trophy,
 Latvian Cup,
 Australian NPL - Northern NSW,
 Georgian Reserves,
 zz**Faroe Cup**,
 Spanish Copa de Castilla La Mancha,
 German Regional Cup,
 Dutch Hoofdklasse,
 Dutch Tweede Klasse,
 Hungarian Cup,
 Russian Super Cup,
 Icelandic Ladies,
 Salvadoran U20,
 Test,
 English National League,
 zz**Womens FA WSL Cup,
 Friendlies Ladies U19 Internationals,
 Surinamese Matches,
 zz**Australian W-League Ladies**,
 Tanzanian Matches,
 Papua New Guinea Matches,
 Icelandic League Cup,
 Irish U19 National League,
 Israeli Ladies,
 Israeli National League,
 Italian Ladies,
 Croatian U18,
 Czech Ladies,
 Danish Regional Series,
 Estonian Super Cup,
 Finnish 4th Division,
 Tahitian Matches,
 Zambian Matches,
 French Ladies,
 Solomon Islands Matches,
 Greek U17,
 Myanmar Matches,
 German Verbandsliga,
 French U17,
 Hungarian U19,
 Ivorian Matches,
 Dutch Beloften Super Cup Reserve,
 Nepalese Matches,
 Icelandic Super Cup,
 Icelandic 1 Deild,
 Laotian Matches,
 Thai U19,
 OFC Nations Cup,
 Italian Super Cup Lega Pro Seconda,
 Brazilian U21,
 Israeli Cup Reserves,
 CONMEBOL Ladies Copa America,
 Chinese Playoffs,
 Portuguese Liga 3,
 Indian Super League,
 Haitian Matches,
 Djibouti Matches,
 UEFA Euro 2020,
 Guam Matches,
 zz**World Cup 3rd Group Matches**,
 zz**World Cup 2nd Group Matches**,
 Congolese Matches,
 Burkina Faso Matches,
 Burundi Presidents Cup,
 Ladies U19 Euro Qualifiers,
 Gibraltar Premier League,
 zz**Italian Cup Matches**,
 Iraqi Matches,
 Grenada Premier Division,
 Hungarian Super Cup,
 Kosovan Cup,
 Chinese Super League,
 U17 Euro Championship,
 U17 Euro Qualifiers,
 FIFA World Cup,
 French League Cup,
 Italian Super Cup Lega Pro Prima,
 Ghanain FA Cup,
 Brazilian Matches,
 Icelandic 2 Deild,
 Cuban Primera Division,
 Israeli U17,
 Icelandic League Cup C,
 Border Cup Final,
 Maltese Super Cup,
 Kuwaiti Crown Prince Cup,
 Montenegrin 2nd League,
 Saudi Champions Cup,
 Japanese Super Cup,
 Latvian Super Cup,
 Lithuanian Dubleriai Reserves,
 Romanian Super Cup,
 Russian PFL Cup,
 Bahraini FA Cup,
 Georgian Matches,
 Norwegian Ladies,
 Polish District League,
 Qatari Stars League,
 CONMEBOL Copa Sudamericana Qualifiers,
 U19 Tournament,
 Danish 1st Division,
 DNOValentin Granatkin Yout Cup,
 Victory Shield (U16),
 Danish Cup,
 German Matches,
 US Matches,
 SAFF (South Asian) Championship,
 AFC Solidarity Cup,
 International U21 Matches,
 Ladies U17 Euro Qualifiers,
 Spanish La Liga,
 UEFA Champions League Qualifiers,
 UEFA Cup Qualifiers,
 Brazilian Cup,
 Kuwaiti Super Cup,
 CONCACAF Ladies U20 Cup Qualifiers,
 CONCACAF Ladies U20 Cup,
 Ladies East Asian Cup,
 Brazilian Paulista U23,
 zz**Swiss Cup Matches**,
 CONCACAF Ladies U17 Cup,
 zz**Olympic Qualifier Matches**,
 English Southern Division 1,
 UEFA Super Cup,
 CONCACAF U20 Cup Qualifiers,
 zz*Ladies U20 CONCAF Champs Qual,
 Australian A-League Men,
 FanDuel Odds Boost,
 zz*Ladies U20 CONCAF Champs Quals,
 Japanese Playoffs,
 zzEfes Pilsen Cup Matches,
 Argentinian Primera Division,
 Dominican Republic Matches,
 zzzAlgerian U19zzz,
 Shamrock Rovers Corporate Challenge,
 CONMEBOL Copa Libertadores - SRL,
 Uruguayan Matches,
 zz**Latvian U19 Matches**,
 zz**Argentinian Torneo Final**,
 Antalya Cup,
 Mongolian Matches,
 zz*****US Carolina Challenge Cup,
 zz**Irish Wexford Cup Final,
 Moroccan Botola Pro 1,
 Tunisian Ligue 1,
 Algerian Ligue 1,
 UEFA Ladies Euro Championship,
 Toulon Tournament,
 Vietnamese Matches,
 Ladies U19,
 Togolese Premiere Division,
 Angolan Girabola,
 Icelandic Cup,
 Omani Super Cup,
 Mauritanian Premier League,
 Spanish Segunda B Playoffs,
 Mexican Liga MX,
 Portuguese U19,
 Scottish Reserve Matches,
 Asian Games Ladies,
 WAFF (Western Asian) Championship,
 Malone Cup,
 Hong Kong Premier League,
 US Major League Soccer Reserves,
 South African National First Divsion,
 Pakistan Super Football League,
 Uruguayan Torneo Preparacion,
 Montenegrin Matches,
 Puerto Rican Liga Nacional de Futbol,
 German Super Cup,
 Paraguayan Division Intermedia,
 English FA Ladies Premier League,
 United Supercup,
 Saudi Prince Faisal Bin Fahad Cup,
 Finnish Kolmonen,
 Uzbekistan Pro Football League,
 Czech Matches,
 Qatari Prince Cup,
 Finnish Nelonen,
 zz**Women's World Cup Matches,
 Israeli Super Cup,
 CONMEBOL Copa Libertadores Qualifiers,
 COSAFA Cup,
 Mexican Segunda Division,
 South African Cup,
 South African Ladies,
 zz**Women's World Cup Matches,
 Hong Kong U17,
 Greek Matches,
 English National League South,
 zz**Ladies German Bundesliga **,
 Hong Kong 3rd Division League,
 English Northern Premier League,
 English National League North,
 New Zealand Chatham Cup,
 German Regionalliga Northeast,
 German Regionalliga Southwest,
 Gibraltar Reserves,
 Emirates Cup Ladies,
 Peruvian Reserves,
 Costa Rican Cup,
 Jamaican U21,
 Austrian Regionalliga,
 Armenian Matches,
 zz**Mens Olympic Qualifiers**,
 Panamanian Copa Rommel Fernandez,
 zz**Ladies Olympic Qualifiers**,
 Peruvian Segunda Division,
 Panamanian Ladies,
 Reserve League Playoff,
 Mexican Matches,
 Costa Rican U20,
 Jamaican Cup,
 English Bedfordshire Cup,
 Faroe 1 Deild,
 zz**UEFA U21 Euro Championship**,
 Greek Super League,
 Guatemalan Cup,
 Sudanese Premier League,
 zz**Mexico Torneo de Invierno**,
 Ghanain Super Cup,
 Egyptian U18,
 Moroccan Cup,
 Moroccan U21,
 English Premier League Cup U21,
 Greek Cup,
 Costa Rican Liga de Ascenso,
 French National,
 Brazilian Serie A,
 U19 Internationals,
 Portuguese Campeonato Nacional,
 Belgian First Division A - Playoffs,
 UEFA Ladies Champions League,
 Australian NPL - South Australia,
 Gibraltar Cup Matches,
 Royal League Matches,
 Chinese Reserves,
 Asian Cup,
 Scandanavian Matches,
 Polish Mloda Ekstraklasa U21,
 Friendlies International U19,
 Colombian Ladies,
 Scottish U20,
 UEFA Euro Qualifiers,
 Mauritanian Ligue 1,
 Ukrainian U19,
 Ivorian Ligue 1,
 Ukrainian U21,
 Russian Reserve,
 zz**Swedish U21 Matches**,
 Northern Irish Prom/Rel Playoffs,
 Northern Irish Europa League Playoff,
 Dutch Beloften Eredivisie Reserves,
 Turkish A2 Ligi Reserves,
 Czech U19,
 zz**Czech U21 League**,
 Bulgarian Super Cup,
 Bulgarian Cup,
 CECAFA Club Cup Matches,
 Myanmar U19,
 Mexican Copa GNP,
 German Regionalliga Playoffs,
 zzzzMexico Liga de Expansion MX,
 Star Sixes 2017,
 Azerbaijan Premier League,
 zz**OBSOLETE Womens International**,
 Star Sixes,
 Panamanian Premier League,
 Peruvian Copa Bicentenario,
 Venezuelan Reserves,
 Friendlies Ladies U18 Internationals,
 CAF Confederation Cup,
 Bangladesh Champions League,
 Gibraltar Second Division,
 Mexican Liga de Expansion MX,
 zzNorthern Premier League,
 zzRyman Isthmian Premier Division,
 FIFA Club World Cup,
 zz**Chile Torneo de Apertura**,
 English Southern Premier League,
 Brazilian Paulista Matches,
 U23 Internationals,
 English Ladies FA Cup,
 ZZ**World Cup MatchesZZ**,
 Chinese Cup,
 zz**Chines Cup Matches**,
 Australian - SA Matches,
 Friendlies Ladies International U21,
 Philippines Ladies,
 Scottish Lowland League,
 Saudi Kings Cup,
 University Matches,
 zz**AFC Cup Final**,
 CONMEBOL Ladies U17 Championship,
 CONMEBOL U17,
 Test AA,
 Andorran Primera Divisio,
 Hong Kong U18,
 English FA Ladies Super League Cup,
 Myanmar U21,
 Northern Irish Cup Matches,
 Paddy Power RSFC Perpetual Cup,
 zz**Conference Matches**,
 Rwandan National Football League,
 UEFA Nations League A.,
 Reserve Friendlies,
 International U21 Friendlies,
 Brazilian Serie D,
 Palestinian Super Cup,
 Indian Super Cup,
 King's Cup,
 Macau 2nd Division,
 Uruguayan Reserves,
 Paraguayan U18,
 Paraguayan Playoffs,
 Indian Delhi Matches,
 Colombian U20,
 Pan Am Games,
 Colombian Matches,
 Turkish U19,
 Brazilian Acriano Matches,
 Ukrainian Persha Liga,
 Canadian Ladies,
 Irish Connacht Junior Cup,
 Uzbekistan 1st Division,
 Pakistan Challenge Cup,
 New Zealand Reserve,
 zzConnacht Junior Cup Matches,
 Macedonian 2nd League,
 Omani Sultan Cup,
 US All Star Game,
 Myanmar National League,
 zzArab Champions League,
 Macedonian U19,
 Ladies Pan Am Games,
 Myanmar National League 2,
 COSAFA Ladies Championship,
 Indonesian U20,
 Greek Super League 2,
 Indian Calcutta Matches,
 zz**Norwegian Tippeligaen**,
 Indian Bangalore Matches,
 zz**Qatari Matches,
 Turkish 1 Lig,
 Swiss 2 Liga Interregional,
 Pacific Coast Soccer League,
 Andorran Cup,
 Dutch Cup,
 Hong Kong Ladies,
 Italian Super Cup,
 Ukrainian Regional League,
 Hong Kong Reserves,
 English Matches,
 New Zealand Premiership,
 Andorran Matches,
 Centenary Shield (U18),
 Australian NPL - ACT U20,
 US Carolina Challenge Cup,
 Irish FAI Intermediate Cup Matches,
 U20 Internationals,
 Derbyshire Senior Cup Matches,
 Irish Wicklow League,
 Polish U19,
 Irish Ladies,
 Israeli U19,
 Soccer Aid 2019,
 Mexican Copa MX,
 Chilean Segunda Division,
 Russian Premier League,
 Chinese Matches,
 Northern Irish Championship 2,
 Singapore Prime League,
 Argentinian Ladies,
 Argentinian Primera C,
 Leinster Senior League Senior 1,
 Cypriot U21,
 zz**Croatian 3 HNL,
 Australian NPL - Victoria League 2,
 Czech U18,
 Ghana Premier League,
 Danish U17,
 Men's Olympics 2020,
 Lebanese Premier League,
 Australian NPL - Northern NSW U22,
 Australian NPL - Queensland U20,
 Swedish Playoffs,
 Vincent Kompany Testimonial,
 Algerian Cup,
 Austrian Amateur Cup,
 Women's Olympics 2012,
 Men's Olympics 2012,
 Austrian Ladies,
 Armenian Cup,
 Albanian Ladies,
 Albanian Cup,
 Gambian Matches,
 Albanian Playoffs,
 Northern Football League,
 Armenian 1st League,
 Indonesian Inter Island Cup,
 Scottish Championship,
 Scottish League One,
 Albanian 1st Division,
 Jordanian Cup,
 Indonesian Playoffs,
 Iranian Division 2,
 Scottish League Two,
 Kazakhstan 1st Division,
 Kuwaiti Premier League,
 Kuwaiti U21,
 Irish Wexford Premier League,
 Friendlies,
 Test Event Type,
 Indian Federation Cup,
 Macau Matches,
 Indian Goa Matches,
 Indian Odisha Matches,
 Bahraini Reserves,
 Belarusian Ladies,
 Argentinian Torneo A,
 Argentinian Super Cup,
 Azerbaijan 1st Division,
 Irish Metropolitan Cup,
 Italian Serie C,
 South Korean Challengers League,
 South Korean National League,
 Argentinian Reserves,
 Syrian Ladies,
 Algerian U21,
 Turkmenistan Higher League,
 Jordanian Matches,
 UAE Arabian Gulf League,
 Austrian Super Cup,
 Austrian U16,
 South Korean K3 League,
 Coca Cola League 1 Matches,
 Coca Cola C'ship Matches,
 Syrian Matches,
 Thai League 2,
 Singapore Super Cup,
 Philippines National Club Championship,
 Saudi Crown Prince Cup,
 Coca Cola League 2 Matches,
 Armenian Super Cup,
 Belgian First Amateur Division,
 Brazilian Pernambucano Matches,
 Saudi U20,
 Philippines UFL Division 2,
 Turkish Super League - SRL,
 U19 Baltic Cup,
 Albanian Super Cup,
 French Ligue 1 - SRL,
 Saudi Professional League,
 South Korean K League 1,
 Danish Superliga,
 Iranian Matches,
 UAE Matches,
 Kuwaiti U17,
 Singapore Ladies,
 Kazakhstan Super Cup,
 Indonesian Liga 3,
 German Bundesliga,
 Jordanian Super Cup,
 Indonesian U21,
 Iranian U21,
 International Matches,
 Iranian Pro League,
 zzMunster Senior League Division 1,
 Sri Lankan Matches,
 Chinese Super Cup,
 Libyan Matches,
 Northern Irish U20,
 Kosovan Superliga,
 Philippines Matches,
 English FA Ladies Super League 1,
 Saudi Matches,
 Bosnian Ladies,
 Turkmenistan Reserves,
 Ladies Matches,
 Chilean Primera Division,
 Venezuelan U20,
 UEFA Champions League - SRL,
 Bulgarian U17,
 Argentinian Primera B Metro,
 Kuwaiti Matches,
 Bahraini 2nd Division,
 Azerbaijan Ladies,
 CAF U23 African Cup Of Nations,
 Belarusian Super Cup,
 Polish Cup,
 Honduras Matches,
 New Zealand Central Premier League,
 Pakistan Football Federation League,
 Northern Irish Football Coupon,
 US USL League Two,
 US USL Championship,
 Uzbekistan Cup,
 FIFA Arab Cup,
 US Desert Diamond Cup,
 South African Matches,
 Israeli Cup,
 Tajikistani U21,
 Scottish Cup Matches,
 Taiwanese Football Premier League,
 CONCACAF Nations League A,
 New Zealand White Ribbon Cup,
 Hong Kong 2nd Division League,
 Irish Limerick League,
 Indian Santosh Trophy,
 Indonesian Cup,
 Spanish Primera Ladies,
 Indian Durand Cup,
 Hong Kong Junior Shield,
 Andorran Segona Divisio,
 Taiwanese Ladies,
 Jordanian U16,
 US United Premier Soccer League,
 Iranian Playoffs,
 Kazakhstan Ladies,
 Hong Kong U19,
 Spanish La Liga - SRL,
 US USL League One,
 German Bundesliga - SRL,
 Saudi 2nd Division,
 English Premier League - SRL,
 Georgian Erovnuli Liga,
 Saudi U23,
 Indian U20,
 Iranian U19,
 Italian Serie A - SRL,
 Irish Charlie Cahill Cup,
 Japanese J League Cup,
 Brazilian Copa Fares Lopes,
 Kuwaiti Reserves,
 Philippines UFL Division 1,
 zz**French Matches**,
 The Match - Sky One,
 DNO English FA Yout Cup,
 zzTishreen Cup Matches,
 Iranian Azadegan League,
 Atlantic Cup,
 Scottish League Cup Matches,
 Burundi Nationale B,
 UEFA Europa League,
 FanDuel Acquisition Offer,
 zz**Spanish Cup Matches**,
 Singapore Prime League Cup,
 zz**FIFA Confederations Cup**,
 Saudi U19,
 zz**Dutch Div 1 Matches**,
 Friendlies Ladies,
 Algerian Ligue 2,
 Austrian Amateurs,
 Austrian U18,
 Austrian Erste Liga,
 Canadian Matches,
 Portuguese Playoffs,
 Bolivian U20,
 Belgian 2nd Division,
 Brazilian Copa Verde,
 Bosnian Druga Liga,
 UEFA U19 Euro Qualifiers,
 Kuwaiti U19,
 Bahraini King's Cup,
 Friendlies Ladies International,
 Thai League Cup,
 CAF Confederation Cup Qualifiers,
 South Korean League Cup,
 Belarusian Cup,
 Bangladesh Premier League,
 South Korean Ladies,
 UAE Presidents Cup,
 Argentinian Primera D,
 CONMEBOL Ladies U20 Championship,
 Argentinian Torneo B,
 Vietnamese Ladies,
 Azerbaijan Cup,
 Syrian Premier League,
 UEFA Champions League,
 Beach/Futsal Soccer,
 UEFA Ladies U19 Euro Championship,
 French Ligue 2,
 Irish Waterford Premier League,
 Malaysian Premier League,
 Egyptian Matches,
 Brazilian Capixaba Matches,
 Argentinian Cup,
 German Playoff,
 Singapore Matches,
 Kazakhstan Reserves,
 Jordanian Premier League,
 Iranian U23)"
